{"cameraMode":{"drawMode":0,"name":"Shaded","section":"Shading Mode"},"sceneLighting":true,"audioPlay":false,"sceneViewState":{"m_AlwaysRefresh":false,"showFog":true,"showSkybox":true,"showFlares":true,"showImageEffects":true,"showParticleSystems":true,"showVisualEffectGraphs":true,"m_FxEnabled":true},"in2DMode":false,"pivot":{"x":0.24834872782230378,"y":0.4832576811313629,"z":19.27313995361328},"rotation":{"x":-0.011990255676209927,"y":0.00029518050723709166,"z":0.000002258630956930574,"w":0.9999383687973023},"size":10.26108455657959,"orthographic":false}